CATEGORY,SCRIP,LDCP,OPEN,HIGH,LOW,CURRENT,CHANGE,VOLUME
AUTOMOBILE ASSEMBLER,SCRIP,LDCP,OPEN,HIGH,LOW,CURRENT,CHANGE,VOLUME
AUTOMOBILE ASSEMBLER,AL-Ghazi Tractors,388.58,386.11,427.44,386.11,427.44,38.86,"63,412"
AUTOMOBILE ASSEMBLER,Atlas Honda Ltd,"1,149.99",1157.7,1165.0,1144.0,1144.98,-4.16,"6,899"
AUTOMOBILE ASSEMBLER,Dewan Motors,37.25,37.48,37.48,36.2,36.29,-0.91,"1,878,172"
AUTOMOBILE ASSEMBLER,Ghandhara Automobile,478.30,478.3,479.8,471.1,472.99,-5.83,"331,180"
AUTOMOBILE ASSEMBLER,Ghandhara Ind.,695.78,695.0,699.0,685.0,685.99,-9.52,"195,793"
AUTOMOBILE ASSEMBLER,Hinopak Motor,368.13,384.0,398.0,375.0,390.0,17.61,"64,667"
AUTOMOBILE ASSEMBLER,Honda Atlas Cars,301.33,304.99,307.5,294.01,298.47,-2.36,"1,128,536"
AUTOMOBILE ASSEMBLER,Indus Motor Co.XD,"1,938.22",1949.5,1949.5,1903.11,1934.0,-12.08,"31,477"
AUTOMOBILE ASSEMBLER,Millat Tractors,580.34,582.0,586.6,579.0,579.5,0.45,"88,038"
AUTOMOBILE ASSEMBLER,Sazgar Engineering,"1,315.57",1303.07,1316.44,1295.0,1301.0,-15.75,"113,015"
AUTOMOBILE PARTS & ACCESSORIES,SCRIP,LDCP,OPEN,HIGH,LOW,CURRENT,CHANGE,VOLUME
AUTOMOBILE PARTS & ACCESSORIES,Agriautos Ind.,110.64,111.05,113.99,110.0,111.0,0.05,"34,705"
AUTOMOBILE PARTS & ACCESSORIES,Atlas Battery,280.13,280.99,286.0,277.0,277.01,-2.46,"92,910"
AUTOMOBILE PARTS & ACCESSORIES,Bal.Wheels,132.16,135.02,135.02,133.0,134.0,0.86,"2,501"
AUTOMOBILE PARTS & ACCESSORIES,Bela Automotive,135.47,136.01,140.0,122.02,132.0,2.74,"5,712"
AUTOMOBILE PARTS & ACCESSORIES,Dewan Auto Engg,29.09,29.64,30.48,28.22,28.8,-0.24,"2,097"
AUTOMOBILE PARTS & ACCESSORIES,Exide (PAK),855.02,858.98,858.98,818.0,829.95,-28.77,"16,767"
AUTOMOBILE PARTS & ACCESSORIES,Ghandhara Tyre,39.56,39.26,39.44,37.36,37.99,-1.75,"378,369"
AUTOMOBILE PARTS & ACCESSORIES,Loads Limited,14.32,14.49,14.85,14.38,14.46,0.2,"2,232,821"
AUTOMOBILE PARTS & ACCESSORIES,Panther Tyres Ltd.,38.70,38.51,39.2,38.5,38.5,-0.2,"177,284"
AUTOMOBILE PARTS & ACCESSORIES,Thal Limited,381.22,380.0,385.0,360.0,367.21,-9.31,"28,571"
AUTOMOBILE PARTS & ACCESSORIES,Treet Battery Ltd.,11.37,11.39,11.6,11.37,11.56,0.1,"1,109,491"
CABLE & ELECTRICAL GOODS,SCRIP,LDCP,OPEN,HIGH,LOW,CURRENT,CHANGE,VOLUME
CABLE & ELECTRICAL GOODS,EMCO Industries,40.53,42.0,44.58,41.0,41.75,1.22,"27,510"
CABLE & ELECTRICAL GOODS,Fast Cables Ltd.,21.96,22.08,24.16,21.97,24.16,2.2,"11,096,341"
CABLE & ELECTRICAL GOODS,Pak Elektron,46.96,47.0,47.65,45.06,45.42,-1.62,"18,192,785"
CABLE & ELECTRICAL GOODS,Pakistan Cables-,150.90,151.0,153.99,144.5,150.99,0.09,"68,666"
CABLE & ELECTRICAL GOODS,Siemens Pak.,"1,510.00",1500.5,1510.0,1500.5,1510.0,-8.62,46
CABLE & ELECTRICAL GOODS,Waves Corp Ltd.,7.38,7.4,7.66,7.34,7.53,0.16,"4,113,295"
CABLE & ELECTRICAL GOODS,Waves Home App,9.25,9.45,9.45,9.08,9.1,-0.11,"1,795,471"
CEMENT,SCRIP,LDCP,OPEN,HIGH,LOW,CURRENT,CHANGE,VOLUME
CEMENT,Attock Cement,306.43,314.0,326.26,312.0,321.0,15.42,"1,077,444"
CEMENT,Bestway Cement,404.52,404.52,410.0,403.0,403.0,-0.68,"10,626"
CEMENT,Cherat Cement,271.40,271.5,276.5,265.0,269.0,-4.24,"414,453"
CEMENT,D.G.K.Cement,151.30,151.5,151.5,146.25,146.74,-3.97,"3,581,156"
CEMENT,Dadabhoy Cement,4.78,4.71,4.86,4.7,4.79,0.06,"21,088"
CEMENT,Dandot Cement,13.98,14.74,14.74,13.5,13.95,-0.35,"30,558"
CEMENT,Dewan Cement,10.48,10.51,10.61,10.3,10.43,-0.11,"2,397,038"
CEMENT,Fauji Cement,48.54,48.85,49.09,47.8,47.98,-0.6,"5,932,968"
CEMENT,Fecto Cement,73.94,74.49,74.85,72.01,72.25,-1.63,"21,792"
CEMENT,Flying Cement,49.46,52.08,53.6,49.15,51.02,1.21,"2,589,075"
CEMENT,Gharibwal CementXD,41.94,42.0,42.1,40.75,41.0,-0.87,"482,273"
CEMENT,Kohat Cement,387.19,389.9,393.0,384.0,385.04,-0.87,"85,900"
CEMENT,Lucky Cement,347.49,349.0,349.0,341.5,342.0,-5.12,"1,051,595"
CEMENT,Maple Leaf,76.36,76.25,76.38,74.5,74.7,-1.58,"4,428,001"
CEMENT,Pioneer Cement,219.32,219.32,221.0,216.07,217.0,-1.87,"161,635"
CEMENT,Power Cem(Pref),16.14,17.75,17.75,17.75,17.75,1.61,"6,325"
CEMENT,Power Cement,15.09,15.2,15.2,14.75,14.9,-0.24,"4,935,861"
CEMENT,Safe Mix Con.Ltd,17.01,16.62,17.4,16.62,17.3,0.29,"14,687"
CEMENT,Thatta Cement,185.13,184.99,193.75,182.5,189.12,5.5,"2,740,949"
CHEMICAL,SCRIP,LDCP,OPEN,HIGH,LOW,CURRENT,CHANGE,VOLUME
CHEMICAL,Archroma Pak,417.79,417.0,419.0,405.04,410.0,-7.79,"2,077"
CHEMICAL,Bawany Air Pro(DEF.),40.15,44.17,44.17,44.17,44.17,4.02,"7,528"
CHEMICAL,Berger Paints,94.15,94.5,99.99,94.31,97.5,3.24,"130,777"
CHEMICAL,Biafo IndustriesXD,175.87,175.87,191.0,175.0,181.0,5.4,"48,544"
CHEMICAL,Buxly Paints,110.80,115.99,117.0,112.0,115.0,1.58,"3,292"
CHEMICAL,Data Agro,83.98,91.0,91.0,76.66,88.77,2.47,"6,246"
CHEMICAL,Descon Oxychem,26.34,26.25,28.97,26.25,28.97,2.63,"4,025,795"
CHEMICAL,Dynea Pakistan,225.20,228.95,228.95,218.11,224.5,-0.88,"6,393"
CHEMICAL,Engro Poly (Pref),12.00,12.0,12.08,12.0,12.0,,"12,600"
CHEMICAL,Engro Polymer,31.64,31.51,33.6,31.05,33.0,1.5,"2,592,703"
CHEMICAL,Ghani Chemical,18.66,18.79,20.0,18.5,19.5,0.78,"9,725,582"
CHEMICAL,Ghani Chemworld,9.14,9.96,10.14,9.16,9.68,0.48,"10,835,084"
CHEMICAL,Ghani Glo Hol,13.78,13.93,14.09,13.55,13.79,-0.06,"2,289,342"
CHEMICAL,Ittehad Chemicals,71.53,72.0,75.4,72.0,73.0,1.55,"8,274"
CHEMICAL,Leiner Pak Gelat,107.27,109.5,109.5,105.55,108.45,-1.46,"7,354"
CHEMICAL,Lotte Chemical,19.69,19.65,21.66,19.6,21.0,1.29,"28,644,102"
CHEMICAL,Lucky Core Ind.,"1,570.64",1570.64,1580.0,1560.2,1577.9,5.52,"5,737"
CHEMICAL,Nimir Ind.ChemXD,152.85,154.4,154.4,149.0,153.0,0.15,"7,828"
CHEMICAL,Nimir Resins,34.36,34.99,36.68,34.9,35.85,1.41,"1,637,476"
CHEMICAL,Pak Oxygen Ltd.,153.00,155.1,158.0,150.1,154.88,-1.11,"3,793"
CHEMICAL,Pak.P.V.C.,7.40,8.39,8.4,7.5,8.4,1.0,"5,202"
CHEMICAL,Sardar Chemical,33.39,32.5,32.5,32.3,32.3,-1.07,"2,012"
CHEMICAL,Sitara Chemical,444.00,431.0,450.0,430.0,440.0,-4.0,"32,905"
CHEMICAL,Sitara Peroxide,12.48,12.03,13.73,12.03,13.73,1.25,"512,085"
CHEMICAL,Wah-Noble,230.00,232.8,238.99,225.01,230.0,-1.72,256
CLOSE - END MUTUAL FUND,SCRIP,LDCP,OPEN,HIGH,LOW,CURRENT,CHANGE,VOLUME
CLOSE - END MUTUAL FUND,HBL Growth Fund,9.50,9.55,9.68,9.3,9.51,0.01,"129,476"
CLOSE - END MUTUAL FUND,HBL Invest Fund,3.38,3.3,3.49,3.25,3.43,,"831,370"
CLOSE - END MUTUAL FUND,Tri-Star Mutual,8.35,8.9,8.9,8.25,8.39,,"1,014"
COMMERCIAL BANKS,SCRIP,LDCP,OPEN,HIGH,LOW,CURRENT,CHANGE,VOLUME
COMMERCIAL BANKS,Allied Bank LtdXD,127.84,127.05,128.89,127.05,128.49,0.19,"26,538"
COMMERCIAL BANKS,Askari Bank,43.53,43.99,45.87,43.05,45.1,1.86,"2,611,769"
COMMERCIAL BANKS,B.O.Punjab,10.06,10.06,10.15,9.93,9.99,-0.09,"8,803,557"
COMMERCIAL BANKS,Bank Al-Falah,73.41,74.4,75.0,73.4,74.88,1.47,"1,200,566"
COMMERCIAL BANKS,Bank AL-HabibXD,137.94,139.0,139.75,137.1,139.4,1.39,"1,452,777"
COMMERCIAL BANKS,Bank Makramah,3.50,3.48,3.54,3.41,3.41,-0.05,"935,428"
COMMERCIAL BANKS,Bank Of Khyber,14.77,14.98,15.0,14.5,14.7,-0.16,"9,626"
COMMERCIAL BANKS,Bankislami Pak,20.16,20.16,20.65,19.96,20.18,-0.08,"2,102,113"
COMMERCIAL BANKS,Faysal BankXD,48.47,48.78,48.78,48.0,48.68,0.06,"1,447,074"
COMMERCIAL BANKS,Habib Bank,157.50,156.03,158.5,156.03,157.99,0.41,"1,867,791"
COMMERCIAL BANKS,Habib Metropolitan,88.50,87.5,93.99,87.5,90.0,0.72,"115,147"
COMMERCIAL BANKS,JS Bank Ltd,8.28,8.5,8.5,8.05,8.24,-0.08,"424,359"
COMMERCIAL BANKS,MCB Bank LtdXD,283.94,285.0,288.27,284.01,285.0,1.14,"487,883"
COMMERCIAL BANKS,Meezan Bank Ltd,285.60,286.49,288.33,285.0,286.4,1.02,"1,555,553"
COMMERCIAL BANKS,National BankXD,88.47,89.0,89.7,87.72,88.0,-0.49,"2,311,053"
COMMERCIAL BANKS,Samba Bank,8.98,8.99,8.99,8.52,8.98,-0.39,820
COMMERCIAL BANKS,Soneri Bank Ltd,16.23,16.25,16.51,16.2,16.3,0.07,"360,227"
COMMERCIAL BANKS,St.Chart.Bank,59.94,59.0,60.99,59.0,60.5,0.18,"12,267"
COMMERCIAL BANKS,United Bank,515.46,518.0,535.5,511.0,518.0,3.33,"1,468,869"
ENGINEERING,SCRIP,LDCP,OPEN,HIGH,LOW,CURRENT,CHANGE,VOLUME
ENGINEERING,Agha Steel Ind.,7.66,7.6,8.5,7.6,8.14,0.42,"3,284,164"
ENGINEERING,Aisha Steel Mill,10.46,10.52,11.4,10.37,11.11,0.61,"9,205,708"
ENGINEERING,Aisha StelCoP/S,15.00,15.15,15.15,15.15,15.15,,68
ENGINEERING,Amreli Steels,21.20,21.16,23.32,21.16,23.32,1.93,"2,148,822"
ENGINEERING,Beco Steel Ltd,8.82,8.9,9.25,8.71,9.1,0.32,"344,362"
ENGINEERING,Bolan Casting,92.96,92.96,95.49,91.31,93.0,0.25,"105,160"
ENGINEERING,Crescent SteelXD,116.91,117.4,125.0,115.07,122.3,5.01,"1,271,051"
ENGINEERING,Dadex Eternit,66.14,66.94,66.94,63.25,63.25,-1.22,"8,534"
ENGINEERING,Dost Steels Ltd.,8.41,8.45,8.74,8.1,8.32,-0.07,"378,150"
ENGINEERING,Int. Ind.Ltd.,144.97,145.02,158.44,145.02,153.0,8.32,"727,141"
ENGINEERING,Inter.Steel Ltd,75.80,76.0,81.98,76.0,81.89,5.44,"1,028,305"
ENGINEERING,Ittefaq Iron Ind,7.20,7.34,7.89,7.1,7.5,0.36,"956,960"
ENGINEERING,K.S.B.Pumps,164.70,166.99,168.5,163.0,165.06,2.03,"77,730"
ENGINEERING,Metro Steel,9.37,9.65,9.65,9.1,9.5,-0.12,"2,004"
ENGINEERING,Mughal Iron,67.48,67.41,74.23,66.52,72.11,4.7,"4,700,755"
ENGINEERING,Pak Engineering,690.00,700.02,703.0,696.0,703.0,,32
EXCHANGE TRADED FUNDS,SCRIP,LDCP,OPEN,HIGH,LOW,CURRENT,CHANGE,VOLUME
EXCHANGE TRADED FUNDS,Alfalah Consumer,15.49,15.56,15.75,15.56,15.75,0.26,"3,000"
EXCHANGE TRADED FUNDS,HBL Total Treasury,117.75,117.7,117.7,117.7,117.7,,100
EXCHANGE TRADED FUNDS,JS Global Banking,22.10,22.35,22.36,22.15,22.36,0.26,"5,000"
EXCHANGE TRADED FUNDS,JS Momentum,11.54,11.51,11.6,11.44,11.57,-0.06,"555,000"
EXCHANGE TRADED FUNDS,Mahaana Islamic,15.43,15.5,15.5,15.34,15.39,-0.05,"295,000"
EXCHANGE TRADED FUNDS,Meezan Pakistan,17.65,17.97,17.98,17.06,17.57,-0.02,"308,500"
EXCHANGE TRADED FUNDS,NBP Pakistan G ETF,23.70,24.09,24.09,24.09,24.09,0.39,"1,000"
EXCHANGE TRADED FUNDS,NIT Pakistan,27.11,27.12,30.06,27.11,27.53,0.42,"27,500"
EXCHANGE TRADED FUNDS,UBLPakistanETF,27.18,27.42,27.42,27.2,27.26,0.08,"794,000"
FERTILIZER,SCRIP,LDCP,OPEN,HIGH,LOW,CURRENT,CHANGE,VOLUME
FERTILIZER,Agritech Limited,57.78,58.0,58.0,55.9,56.15,-1.47,"361,300"
FERTILIZER,Arif Habib Corp,10.79,10.9,10.9,10.65,10.75,-0.08,"865,163"
FERTILIZER,Engro Fertert,182.75,182.75,183.5,180.1,181.0,-1.68,"1,491,058"
FERTILIZER,Fatima Fert,87.05,87.0,87.0,85.95,86.55,-0.52,"405,537"
FERTILIZER,Fauji FertXD,373.56,372.9,372.9,368.0,368.36,-5.2,"825,762"
FOOD & PERSONAL CARE PRODUCTS,SCRIP,LDCP,OPEN,HIGH,LOW,CURRENT,CHANGE,VOLUME
FOOD & PERSONAL CARE PRODUCTS,Al-Shaheer Corp,8.46,8.47,8.5,7.87,8.0,-0.45,"1,847,635"
FOOD & PERSONAL CARE PRODUCTS,At-Tahur Ltd.,49.32,51.0,54.23,48.0,49.5,0.51,"44,633,748"
FOOD & PERSONAL CARE PRODUCTS,Barkat Frisian Agro,28.74,29.0,29.33,28.45,28.64,-0.1,"1,975,714"
FOOD & PERSONAL CARE PRODUCTS,Big Bird Foods Ltd.,50.02,50.2,52.74,49.3,50.2,0.55,"6,714,096"
FOOD & PERSONAL CARE PRODUCTS,Bunnys Limited,30.81,33.49,33.89,31.7,33.89,3.08,"6,809,058"
FOOD & PERSONAL CARE PRODUCTS,Clover Pakistan,38.02,38.49,38.5,37.5,37.7,-0.37,"219,948"
FOOD & PERSONAL CARE PRODUCTS,Colgate Palm,"1,352.98",1353.0,1365.0,1325.0,1355.01,6.72,"3,560"
FOOD & PERSONAL CARE PRODUCTS,Fauji Foods Ltd,15.07,15.25,15.55,15.05,15.19,0.1,"15,918,284"
FOOD & PERSONAL CARE PRODUCTS,Frieslandcampina,101.04,103.0,106.85,100.76,106.8,3.48,"3,578,395"
FOOD & PERSONAL CARE PRODUCTS,Gillette Pak,288.82,266.25,298.99,266.25,280.0,-8.52,"10,061"
FOOD & PERSONAL CARE PRODUCTS,Ismail Ind-,"1,724.89",1719.98,1739.0,1716.0,1729.0,9.11,154
FOOD & PERSONAL CARE PRODUCTS,Matco Foods Ltd,37.46,38.0,38.0,36.36,37.5,-0.36,"16,790"
FOOD & PERSONAL CARE PRODUCTS,MithchellsFruit,201.66,206.0,211.98,195.0,197.49,-5.3,"345,606"
FOOD & PERSONAL CARE PRODUCTS,Murree Brewery,835.00,840.0,840.0,830.0,837.0,2.0,"3,478"
FOOD & PERSONAL CARE PRODUCTS,National FoodsXD,254.21,254.21,255.9,248.55,249.0,-5.18,"340,135"
FOOD & PERSONAL CARE PRODUCTS,Nestle Pakistan,"7,180.00",7288.85,7288.85,6993.92,7100.0,-88.22,223
FOOD & PERSONAL CARE PRODUCTS,Quice Food,6.81,6.81,7.49,6.81,7.36,0.56,"2,552,911"
FOOD & PERSONAL CARE PRODUCTS,Rafhan Maize,"9,201.27",9379.0,9379.0,8410.0,9300.0,65.58,"1,091"
FOOD & PERSONAL CARE PRODUCTS,Shezan Inter.,189.78,195.0,195.0,180.0,184.9,-5.71,"5,281"
FOOD & PERSONAL CARE PRODUCTS,Shield Corp.,278.63,252.0,276.0,252.0,275.99,-2.73,137
FOOD & PERSONAL CARE PRODUCTS,The Organic Meat,31.94,32.0,32.5,31.5,31.53,-0.27,"1,245,047"
FOOD & PERSONAL CARE PRODUCTS,Treet Corp,20.14,20.14,20.5,19.81,19.94,-0.23,"2,055,546"
FOOD & PERSONAL CARE PRODUCTS,Unilever FoodsXD,"22,881.81",23099.99,23099.99,22501.0,22750.0,-156.31,58
FOOD & PERSONAL CARE PRODUCTS,Unity Foods Ltd,27.32,27.2,27.7,26.6,27.2,-0.2,"488,035"
FOOD & PERSONAL CARE PRODUCTS,ZIL Limited,275.32,281.49,281.5,270.0,280.5,6.15,366
FUTURE CONTRACTS,SCRIP,LDCP,OPEN,HIGH,LOW,CURRENT,CHANGE,VOLUME
FUTURE CONTRACTS,AICL-MAYB,46.00,45.25,45.6,43.25,45.5,-0.5,"84,000"
FUTURE CONTRACTS,AGHA-MAY,7.58,7.81,8.58,7.65,8.05,0.48,"533,500"
FUTURE CONTRACTS,AGL-MAY,57.98,58.21,58.21,56.25,56.5,-1.48,"123,000"
FUTURE CONTRACTS,AIRLINK-JUN,162.36,161.11,161.11,161.11,161.11,-1.25,"1,000"
FUTURE CONTRACTS,AIRLINK-MAY,160.25,161.97,164.0,159.0,159.5,0.73,"514,500"
FUTURE CONTRACTS,ASL-MAY,10.54,10.52,11.38,10.45,11.18,0.58,"1,820,000"
FUTURE CONTRACTS,AKBL-MAYB,44.00,44.0,46.11,43.6,46.11,1.56,"47,500"
FUTURE CONTRACTS,PREMA-JUN,49.50,54.0,54.0,54.0,54.0,4.5,500
FUTURE CONTRACTS,PREMA-MAY,49.39,50.6,54.32,48.0,49.75,0.62,"14,308,000"
FUTURE CONTRACTS,ATRL-JUN,619.44,626.0,626.0,626.0,626.0,6.56,500
FUTURE CONTRACTS,ATRL-MAY,624.49,626.98,634.98,607.05,607.1,-15.5,"569,500"
FUTURE CONTRACTS,AVN-MAY,51.71,52.3,53.7,50.66,51.65,-0.07,"1,629,500"
FUTURE CONTRACTS,BOP-MAYB,10.08,10.06,10.19,9.98,10.05,-0.07,"1,297,500"
FUTURE CONTRACTS,BAFL-MAYB,74.00,75.0,75.11,74.61,75.0,1.0,"49,500"
FUTURE CONTRACTS,BAHL-MAYB,137.80,139.5,139.98,139.5,139.98,2.18,"21,500"
FUTURE CONTRACTS,BML-MAY,3.52,3.45,3.5,3.45,3.47,-0.05,"24,000"
FUTURE CONTRACTS,BIPL-MAYB,20.05,20.3,20.32,20.08,20.08,0.03,"6,000"
FUTURE CONTRACTS,CEPB-MAY,23.83,23.88,23.88,23.88,23.88,0.05,500
FUTURE CONTRACTS,CHCC-MAY,271.50,273.0,277.78,265.61,265.61,-3.1,"66,000"
FUTURE CONTRACTS,CPHL-MAY,83.99,84.37,90.99,83.8,87.99,3.76,"3,674,000"
FUTURE CONTRACTS,CNERGY-MAY,7.88,7.89,8.07,7.67,7.74,-0.17,"5,949,500"
FUTURE CONTRACTS,CSAP-MAYB,117.62,107.5,125.0,107.5,121.97,4.22,"48,000"
FUTURE CONTRACTS,DGKC-MAY,151.97,151.9,152.1,146.9,147.68,-4.2,"1,977,500"
FUTURE CONTRACTS,DCL-MAY,10.52,10.51,10.64,10.36,10.37,-0.11,"858,500"
FUTURE CONTRACTS,DFML-MAY,37.40,37.5,37.5,36.16,36.23,-0.94,"742,000"
FUTURE CONTRACTS,EFERT-MAYC,183.49,182.25,182.25,181.0,181.5,-1.99,"30,500"
FUTURE CONTRACTS,EPCL-MAY,31.86,31.53,33.7,31.53,33.2,1.55,"333,000"
FUTURE CONTRACTS,FATIMA-MAYB,86.00,86.5,87.0,86.5,87.0,1.0,"1,500"
FUTURE CONTRACTS,FCCL-MAY,48.82,48.9,49.31,48.0,48.15,-0.69,"4,204,500"
FUTURE CONTRACTS,FFC-MAYC,375.77,372.24,373.5,370.0,370.0,-5.25,"55,000"
FUTURE CONTRACTS,FFL-MAY,15.16,15.3,15.6,15.15,15.3,0.12,"3,769,000"
FUTURE CONTRACTS,FABL-MAYC,48.50,48.49,48.49,48.0,48.0,-0.5,"1,000"
FUTURE CONTRACTS,FLYNG-JUN,50.37,52.5,52.5,52.2,52.2,1.83,"3,000"
FUTURE CONTRACTS,FLYNG-MAY,50.04,51.99,54.0,50.01,51.5,1.05,"2,448,000"
FUTURE CONTRACTS,FCEPL-JUN,102.88,0,0,0,0,,"1,000"
FUTURE CONTRACTS,FCEPL-MAYB,101.68,105.0,106.5,101.56,106.5,2.91,"232,500"
FUTURE CONTRACTS,GAL-JUN,487.02,482.8,482.8,482.8,482.8,-4.22,500
FUTURE CONTRACTS,GAL-MAY,481.15,482.25,482.25,473.41,475.2,-6.4,"149,000"
FUTURE CONTRACTS,GHNI-MAY,699.95,690.0,700.02,688.0,690.0,-10.2,"108,000"
FUTURE CONTRACTS,GCIL-MAY,18.82,19.0,20.2,18.8,19.6,0.68,"935,500"
FUTURE CONTRACTS,GGL-JUN,14.04,14.04,14.07,13.99,13.99,-0.05,"15,000"
FUTURE CONTRACTS,GGL-MAY,13.84,13.68,14.12,13.58,13.88,-0.01,"314,500"
FUTURE CONTRACTS,GLAXO-MAYB,374.43,377.6,393.97,377.6,383.0,8.57,"6,000"
FUTURE CONTRACTS,GATM-MAY,22.94,22.85,23.4,22.1,22.35,-0.44,"274,500"
FUTURE CONTRACTS,HBL-MAYC,158.50,157.22,159.5,156.5,158.05,-0.44,"112,500"
FUTURE CONTRACTS,HUBC-MAY,142.11,143.0,143.75,141.0,141.25,-0.64,"2,856,500"
FUTURE CONTRACTS,HUMNL-MAY,12.73,12.7,12.7,12.5,12.5,-0.18,"3,000"
FUTURE CONTRACTS,IMAGE-MAYB,22.35,22.49,24.4,22.13,23.17,0.8,"224,500"
FUTURE CONTRACTS,INIL-MAY,145.99,146.5,158.4,146.5,154.0,8.09,"80,000"
FUTURE CONTRACTS,ISL-MAY,76.31,77.0,82.1,76.22,81.4,5.24,"128,000"
FUTURE CONTRACTS,ILP-MAY,57.90,57.7,57.7,57.0,57.0,-0.9,"1,500"
FUTURE CONTRACTS,JSBL-MAY,8.30,8.1,8.21,8.01,8.01,-0.29,"69,000"
FUTURE CONTRACTS,KEL-MAY,4.47,4.52,4.53,4.38,4.43,-0.06,"1,852,000"
FUTURE CONTRACTS,KOSM-MAY,5.39,5.41,5.46,5.12,5.19,-0.23,"5,073,500"
FUTURE CONTRACTS,KAPCO-MAY,31.15,31.21,31.21,31.21,31.21,0.06,"1,000"
FUTURE CONTRACTS,LPL-MAY,24.50,24.5,24.5,23.05,24.0,-0.5,"48,000"
FUTURE CONTRACTS,LOTCHEM-MAY,19.70,20.32,21.67,20.25,21.0,1.23,"5,582,000"
FUTURE CONTRACTS,LUCK-MAYB,348.65,348.85,351.0,342.71,343.0,-5.05,"156,000"
FUTURE CONTRACTS,MLCF-MAY,76.62,76.62,76.71,74.85,75.0,-1.51,"3,683,000"
FUTURE CONTRACTS,MARI-MAY,654.18,651.01,651.1,642.15,646.0,-9.95,"134,000"
FUTURE CONTRACTS,MCB-MAYC,284.42,288.0,288.0,286.0,286.0,1.58,"1,500"
FUTURE CONTRACTS,MTL-MAY,570.04,590.0,590.0,583.8,583.8,13.76,"1,500"
FUTURE CONTRACTS,MUGHAL-MAY,67.65,68.0,74.42,67.0,72.6,4.03,"895,500"
FUTURE CONTRACTS,NBP-MAYB,89.03,89.0,90.0,88.11,88.11,-0.73,"421,500"
FUTURE CONTRACTS,NRL-MAY,228.99,245.0,245.0,232.51,236.0,5.99,"906,000"
FUTURE CONTRACTS,NETSOL-MAY,143.79,144.97,146.4,140.9,141.0,-2.75,"1,091,500"
FUTURE CONTRACTS,NCPL-MAYB,24.05,23.9,23.9,23.9,23.9,-0.15,"1,000"
FUTURE CONTRACTS,NML-MAY,108.14,107.01,112.0,107.0,109.0,1.39,"298,000"
FUTURE CONTRACTS,OCTOPUS-MAY,52.25,54.0,57.0,53.7,54.3,1.98,"1,064,000"
FUTURE CONTRACTS,OGDC-MAYB,214.65,215.7,215.7,212.01,212.01,-2.28,"946,000"
FUTURE CONTRACTS,PSO-JUN,393.32,384.88,387.67,384.88,387.67,-5.65,"10,500"
FUTURE CONTRACTS,PSO-MAY,387.80,390.0,391.5,381.03,381.24,-6.34,"1,280,500"
FUTURE CONTRACTS,PTC-MAY,22.19,24.0,24.0,22.7,22.75,0.65,"4,960,000"
FUTURE CONTRACTS,PACE-MAY,5.34,5.47,5.47,5.05,5.4,0.06,"222,500"
FUTURE CONTRACTS,PAEL-MAY,47.15,47.47,47.83,45.3,45.61,-1.6,"10,350,500"
FUTURE CONTRACTS,PIBTL-MAY,8.86,8.9,8.96,8.72,8.72,-0.13,"1,108,500"
FUTURE CONTRACTS,POL-MAY,543.75,0,0,0,0,,"10,000"
FUTURE CONTRACTS,PPL-MAYB,173.92,175.0,175.9,172.7,173.59,-0.74,"2,681,000"
FUTURE CONTRACTS,PRL-JUN,34.00,35.56,35.56,34.55,34.55,0.55,"10,500"
FUTURE CONTRACTS,PRL-MAY,33.96,34.33,35.25,33.4,33.5,-0.37,"13,056,000"
FUTURE CONTRACTS,PAKRI-MAYB,12.62,12.51,12.87,12.29,12.7,0.07,"124,500"
FUTURE CONTRACTS,PABC-MAY,107.10,108.0,108.0,107.5,107.5,0.4,"4,000"
FUTURE CONTRACTS,PIAHCLA-JUN,17.55,0,0,0,0,,"25,000"
FUTURE CONTRACTS,PIAHCLA-MAY,17.33,17.09,17.21,16.52,16.52,-0.41,"2,001,500"
FUTURE CONTRACTS,PIOC-MAY,218.91,218.01,218.01,218.01,218.01,-0.9,"1,000"
FUTURE CONTRACTS,POWER-MAY,15.16,15.1,15.28,14.71,14.9,-0.29,"1,155,000"
FUTURE CONTRACTS,SAZEW-MAYB,"1,322.29",1315.0,1325.0,1303.25,1307.0,-16.32,"115,500"
FUTURE CONTRACTS,SNBL-MAY,16.43,16.54,16.54,16.54,16.54,0.11,"1,500"
FUTURE CONTRACTS,SNGP-MAYB,122.22,121.9,122.4,120.08,121.0,-1.68,"765,000"
FUTURE CONTRACTS,SSGC-MAY,37.09,37.44,37.44,35.63,35.9,-1.23,"10,071,000"
FUTURE CONTRACTS,SYM-MAY,15.59,15.6,15.77,15.3,15.45,-0.27,"440,500"
FUTURE CONTRACTS,SYS-MAYB,540.92,550.0,550.0,550.0,550.0,9.08,500
FUTURE CONTRACTS,TGL-MAYB,195.10,214.0,214.0,203.0,206.99,11.89,"10,500"
FUTURE CONTRACTS,TELE-MAY,7.60,7.7,7.85,7.42,7.48,-0.1,"2,055,000"
FUTURE CONTRACTS,THCCL-MAY,185.00,189.0,190.0,181.75,189.4,4.4,"309,000"
FUTURE CONTRACTS,TOMCL-MAY,32.17,32.8,32.8,31.75,31.9,-0.28,"613,500"
FUTURE CONTRACTS,SEARL-MAY,84.60,85.2,90.33,84.6,86.7,2.27,"3,630,000"
FUTURE CONTRACTS,TPLP-MAY,8.64,8.57,9.08,8.48,9.06,0.3,"1,970,000"
FUTURE CONTRACTS,TREET-MAY,20.23,20.4,20.51,19.91,20.19,-0.18,"647,000"
FUTURE CONTRACTS,TRG-MAY,65.59,65.69,65.8,63.42,63.5,-1.76,"1,560,500"
FUTURE CONTRACTS,UBL-MAYB,518.81,510.01,536.0,496.0,519.11,2.69,"183,500"
FUTURE CONTRACTS,UNITY-MAY,27.45,27.25,28.99,26.1,27.26,-0.32,"417,500"
FUTURE CONTRACTS,WAVES-JUN,7.51,7.5,7.5,7.5,7.5,-0.01,"2,500"
FUTURE CONTRACTS,WAVES-MAY,7.45,7.5,7.68,7.39,7.6,0.11,"828,500"
FUTURE CONTRACTS,WAVESAPP-MAY,9.35,9.35,9.4,9.13,9.13,-0.19,"566,500"
FUTURE CONTRACTS,WTL-MAY,1.29,1.29,1.3,1.25,1.25,-0.04,"1,488,000"
FUTURE CONTRACTS,YOUW-MAY,3.70,3.63,4.55,3.55,3.55,0.73,"117,500"
GLASS & CERAMICS,SCRIP,LDCP,OPEN,HIGH,LOW,CURRENT,CHANGE,VOLUME
GLASS & CERAMICS,Bal.Glass,8.90,8.95,9.1,8.75,9.0,0.05,"301,012"
GLASS & CERAMICS,Frontier Ceram,31.82,35.0,35.0,35.0,35.0,3.18,"37,098"
GLASS & CERAMICS,Ghani Glass Ltd,33.04,33.49,33.5,32.8,32.8,-0.21,"50,288"
GLASS & CERAMICS,Ghani Value GlassXD,47.00,47.45,48.5,46.11,47.79,0.26,"18,376"
GLASS & CERAMICS,GhaniGlobalGlass,8.56,8.6,8.6,8.31,8.32,-0.22,"3,216,811"
GLASS & CERAMICS,Karam Ceramics,49.90,47.85,54.0,44.91,54.0,,404
GLASS & CERAMICS,Shabbir Tiles,12.01,12.2,12.65,12.2,12.25,0.46,"63,693"
GLASS & CERAMICS,Tariq Glass Ind.XD,209.87,209.0,209.0,201.01,207.99,-2.06,"60,301"
INSURANCE,SCRIP,LDCP,OPEN,HIGH,LOW,CURRENT,CHANGE,VOLUME
INSURANCE,Adamjee Ins.,46.05,45.99,45.99,45.16,45.2,-0.73,"129,988"
INSURANCE,Adamjee Life Ass.,24.00,24.3,25.99,24.3,25.15,1.15,"64,233"
INSURANCE,Ask.Gen.Insur.,30.25,28.04,31.48,28.04,31.29,,108
INSURANCE,Askari Life Ass,4.63,5.03,5.07,4.7,4.98,0.07,"1,566"
INSURANCE,Atlas Ins. Ltd,58.39,58.75,58.75,57.49,58.49,-0.8,"13,858"
INSURANCE,Century Ins.,39.50,37.25,40.0,37.25,39.0,-0.5,894
INSURANCE,Cres.Star Ins.,3.02,3.1,3.35,3.0,3.01,,"6,457,591"
INSURANCE,East West Insurance,57.29,51.56,63.02,51.56,52.0,,108
INSURANCE,EFU General,120.00,122.98,124.0,119.0,121.99,0.09,"5,479"
INSURANCE,EFU Life Assurance,142.01,141.8,141.8,140.7,141.2,-1.02,"1,105"
INSURANCE,Habib Ins.,7.75,7.94,7.95,7.8,7.9,0.09,"7,621"
INSURANCE,IGI Holdings,167.88,168.2,168.89,161.6,163.0,-3.58,"7,967"
INSURANCE,IGI Life Ins,17.00,16.51,18.6,16.51,17.99,0.99,502
INSURANCE,Jubile Life Ins,133.79,130.01,135.0,130.01,131.0,-1.39,"2,279"
INSURANCE,Jubilee Gen.Ins,50.97,51.9,51.9,50.26,50.67,-0.22,"35,419"
INSURANCE,Pak Gen.Ins.,9.25,9.25,9.25,9.25,9.25,,"1,677"
INSURANCE,Pak Reinsurance,12.44,12.11,12.79,12.11,12.6,0.09,"153,170"
INSURANCE,PICIC Ins.Ltd.,3.01,2.99,3.3,2.99,3.12,0.12,"565,660"
INSURANCE,Premier Ins.,5.83,5.64,5.92,5.64,5.92,0.02,"4,000"
INSURANCE,Reliance Ins.XB,10.35,10.26,11.0,10.2,10.2,0.65,"17,501"
INSURANCE,Shaheen Ins.XB,5.30,5.35,5.35,4.41,5.24,-0.07,"95,551"
INSURANCE,TPL Insurance,8.40,8.55,8.55,8.55,8.55,,23
INSURANCE,TPL Life Insurance,52.84,48.02,52.49,47.57,47.57,-4.12,"3,428"
INSURANCE,United InsuranceXB,17.15,17.49,17.49,17.11,17.39,0.17,"41,902"
INSURANCE,Universal Ins.,9.18,9.25,9.25,8.9,9.0,,31
INV. BANKS / INV. COS. / SECURITIES COS.,SCRIP,LDCP,OPEN,HIGH,LOW,CURRENT,CHANGE,VOLUME
INV. BANKS / INV. COS. / SECURITIES COS.,786 Invest Ltd,8.50,7.55,8.5,7.55,8.5,-0.84,"2,259"
INV. BANKS / INV. COS. / SECURITIES COS.,AKD Securites,19.80,19.51,20.35,19.51,19.83,0.05,"189,184"
INV. BANKS / INV. COS. / SECURITIES COS.,Apna Microfin.,10.04,10.04,10.04,9.04,9.05,-0.71,"3,621"
INV. BANKS / INV. COS. / SECURITIES COS.,Arif Habib Limited.,74.50,76.0,80.0,74.3,76.0,1.65,"323,569"
INV. BANKS / INV. COS. / SECURITIES COS.,Calcorp Limited,43.99,43.0,47.49,39.62,46.99,1.02,"2,209"
INV. BANKS / INV. COS. / SECURITIES COS.,Cyan LimitedXD,29.06,29.1,29.59,29.0,29.15,-0.03,"73,694"
INV. BANKS / INV. COS. / SECURITIES COS.,Dawood Equities,9.00,9.13,9.27,8.99,9.27,0.04,"10,749"
INV. BANKS / INV. COS. / SECURITIES COS.,Dawood Law,235.00,225.01,230.6,225.01,228.5,-7.1,"1,237"
INV. BANKS / INV. COS. / SECURITIES COS.,DH Partners Ltd.XD,34.73,34.5,35.5,34.5,35.5,0.59,"109,206"
INV. BANKS / INV. COS. / SECURITIES COS.,Engro Holdings,174.91,174.9,178.0,174.01,177.5,1.67,"2,223,818"
INV. BANKS / INV. COS. / SECURITIES COS.,Escorts Bank,6.45,5.85,6.4,5.85,6.3,,8
INV. BANKS / INV. COS. / SECURITIES COS.,F. Nat.Equities,3.09,3.2,3.2,3.02,3.05,-0.05,"507,035"
INV. BANKS / INV. COS. / SECURITIES COS.,F.Credit & Inv,7.60,8.19,8.19,8.19,8.19,,1
INV. BANKS / INV. COS. / SECURITIES COS.,First Cap.Equit,3.98,3.11,4.5,3.11,4.5,,490
INV. BANKS / INV. COS. / SECURITIES COS.,First Dawood Prop,2.22,2.2,2.21,2.09,2.2,-0.09,"59,508"
INV. BANKS / INV. COS. / SECURITIES COS.,Imperial Limite,16.52,17.9,17.9,15.33,16.99,-0.66,"7,785"
INV. BANKS / INV. COS. / SECURITIES COS.,Intermarket Sec.XD,57.93,55.5,56.45,54.0,56.0,-1.82,"4,536"
INV. BANKS / INV. COS. / SECURITIES COS.,Invest Bank,1.39,1.38,1.42,1.35,1.42,0.01,"161,445"
INV. BANKS / INV. COS. / SECURITIES COS.,Ist.Capital Sec,1.45,1.48,1.48,1.36,1.43,-0.05,"185,099"
INV. BANKS / INV. COS. / SECURITIES COS.,Jah.Sidd. Co.,16.93,16.91,17.0,16.6,16.6,-0.3,"167,598"
INV. BANKS / INV. COS. / SECURITIES COS.,JS Global Cap.,103.98,103.01,103.49,98.5,103.49,-2.23,"1,894"
INV. BANKS / INV. COS. / SECURITIES COS.,JS Investments,22.11,22.25,22.49,22.1,22.1,-0.01,"6,550"
INV. BANKS / INV. COS. / SECURITIES COS.,LSE Capital Ltd.,5.10,5.38,5.38,4.98,5.0,-0.1,"24,361"
INV. BANKS / INV. COS. / SECURITIES COS.,LSE Fin. Services,24.19,24.3,26.61,24.3,26.61,2.42,"6,106"
INV. BANKS / INV. COS. / SECURITIES COS.,LSE Ventures Ltd,9.89,10.69,10.69,9.5,9.99,-0.37,"4,016"
INV. BANKS / INV. COS. / SECURITIES COS.,MCB Inv MGT,95.02,93.0,96.7,93.0,93.0,-1.26,"1,894"
INV. BANKS / INV. COS. / SECURITIES COS.,Next Capital,8.00,7.4,8.05,7.4,7.9,,"6,055"
INV. BANKS / INV. COS. / SECURITIES COS.,OLP FinancialXD,38.00,37.55,38.29,37.21,37.75,-0.25,"61,730"
INV. BANKS / INV. COS. / SECURITIES COS.,Pak Stock Exchange,27.52,27.73,27.74,26.6,26.99,-0.72,"1,329,958"
INV. BANKS / INV. COS. / SECURITIES COS.,Pervez Ahmed Co,1.10,1.14,1.14,1.05,1.11,-0.02,"1,195,496"
INV. BANKS / INV. COS. / SECURITIES COS.,PIA Holding Company,17.24,17.25,17.35,16.61,16.82,-0.45,"4,465,362"
INV. BANKS / INV. COS. / SECURITIES COS.,PIA Holding CompanyB,"11,325.15",12457.67,12457.67,12457.67,12457.67,1132.52,2
INV. BANKS / INV. COS. / SECURITIES COS.,Sec. Inv. Bank,9.00,9.99,9.99,8.72,8.8,,14
JUTE,SCRIP,LDCP,OPEN,HIGH,LOW,CURRENT,CHANGE,VOLUME
JUTE,Crescent Jute,3.25,3.47,3.47,3.11,3.22,-0.03,"153,345"
JUTE,Suhail Jute,78.36,77.5,77.5,77.5,77.5,,103
LEASING COMPANIES,SCRIP,LDCP,OPEN,HIGH,LOW,CURRENT,CHANGE,VOLUME
LEASING COMPANIES,Grays Leasing,4.79,4.53,4.8,4.41,4.8,0.01,"6,117"
LEASING COMPANIES,Pak Gulf Leasing,21.38,21.9,22.98,20.0,21.8,-1.26,"1,840"
LEATHER & TANNERIES,SCRIP,LDCP,OPEN,HIGH,LOW,CURRENT,CHANGE,VOLUME
LEATHER & TANNERIES,Bata (Pak) Ltd.,"1,550.00",1550.09,1550.09,1538.0,1550.0,,859
LEATHER & TANNERIES,Leather Up Ltd.,26.95,27.01,29.65,27.01,28.3,1.35,"10,753"
LEATHER & TANNERIES,Pak Leather,29.56,29.56,29.56,29.56,29.56,,201
LEATHER & TANNERIES,Service Global,78.52,78.9,79.0,78.0,78.0,-0.44,"3,817"
LEATHER & TANNERIES,Service Ind.Ltd,"1,049.00",1030.0,1110.0,1030.0,1090.0,40.29,"4,785"
MISCELLANEOUS,SCRIP,LDCP,OPEN,HIGH,LOW,CURRENT,CHANGE,VOLUME
MISCELLANEOUS,AKD Hospitality,133.03,132.0,136.0,132.0,135.98,-0.77,353
MISCELLANEOUS,Arpak Int.,56.66,57.66,62.33,57.66,60.0,4.94,626
MISCELLANEOUS,Diamond Ind.,24.95,23.0,23.0,23.0,23.0,,1
MISCELLANEOUS,ECOPACK Ltd,36.40,36.4,36.68,35.0,36.5,-0.06,"38,590"
MISCELLANEOUS,Gammon Pak,26.13,25.5,26.5,25.1,25.95,-0.31,"115,175"
MISCELLANEOUS,GOC (Pak) Ltd.,62.78,60.01,62.0,60.0,62.0,-1.78,"2,050"
MISCELLANEOUS,Mandviwala,18.04,18.85,18.85,17.1,18.0,,"2,011"
MISCELLANEOUS,Olympia Mills,50.47,50.55,53.53,45.42,46.2,1.1,"42,994"
MISCELLANEOUS,Pak Services,986.49,949.99,970.0,902.25,944.99,-50.48,145
MISCELLANEOUS,Pakistan Alumin,106.42,107.85,109.49,104.06,108.0,1.14,"95,128"
MISCELLANEOUS,Shifa Int.Hospital,458.14,460.0,465.0,454.0,458.0,0.71,"34,650"
MISCELLANEOUS,Siddiqsons Tin,5.32,5.44,5.66,5.2,5.49,0.16,"2,074,333"
MISCELLANEOUS,Tri-Pack Films,120.93,122.0,124.97,122.0,124.0,3.25,"7,141"
MISCELLANEOUS,UDL Int.Ltd.,8.17,8.0,8.2,7.84,8.2,-0.09,"46,422"
MISCELLANEOUS,United Brands,25.46,27.98,28.0,24.5,26.0,0.62,"288,796"
MISCELLANEOUS,United Distributor,62.86,62.86,63.0,60.5,61.5,-1.36,"2,852"
MODARABAS,SCRIP,LDCP,OPEN,HIGH,LOW,CURRENT,CHANGE,VOLUME
MODARABAS,1st.Fid.Leasing,2.00,2.0,2.0,2.0,2.0,,752
MODARABAS,B.F.Modaraba,8.73,9.09,9.65,7.73,8.0,-0.87,"164,524"
MODARABAS,Elite Cap.Mod,20.68,19.0,20.26,18.81,19.8,-1.81,"1,167"
MODARABAS,Equity Modaraba,2.85,3.45,3.85,2.52,3.45,0.6,"153,903"
MODARABAS,F.Treet Manuf,4.00,4.23,4.3,4.0,4.0,,"21,143"
MODARABAS,Habib Modaraba,21.53,21.7,21.7,21.51,21.53,-0.02,"2,961"
MODARABAS,I.B.L.Modarab,3.05,3.44,3.45,2.84,3.25,0.2,"23,001"
MODARABAS,OLP Modaraba,16.50,16.06,16.55,16.05,16.49,-0.39,"36,808"
MODARABAS,Orient Rental,8.91,9.0,9.74,9.0,9.74,0.14,227
MODARABAS,Paramount Mod,7.25,7.25,8.25,7.02,7.75,-0.13,"12,759"
MODARABAS,Popular Islamic,13.78,15.03,15.15,12.5,13.75,-1.27,"2,666"
MODARABAS,Prud Mod.1st,1.99,2.04,2.04,1.96,1.98,-0.03,"11,514"
MODARABAS,Punjab Mod,2.78,2.97,2.97,2.41,2.88,0.1,"96,720"
MODARABAS,Sindh Modaraba,11.05,11.1,11.47,10.6,11.05,,335
MODARABAS,Tri-Star 1st Mod.,13.20,13.5,13.6,12.0,13.51,0.31,"4,465"
MODARABAS,Trust Modaraba,4.98,5.08,5.35,4.84,5.29,0.22,"720,820"
MODARABAS,Unicap Modaraba,2.89,2.78,2.99,2.57,2.9,0.01,"14,658"
OIL & GAS EXPLORATION COMPANIES,SCRIP,LDCP,OPEN,HIGH,LOW,CURRENT,CHANGE,VOLUME
OIL & GAS EXPLORATION COMPANIES,Mari Energies Ltd.,649.91,650.0,651.0,640.0,642.25,-8.83,"617,002"
OIL & GAS EXPLORATION COMPANIES,Oil & Gas DevXD,213.73,214.89,214.89,211.0,211.35,-2.23,"2,618,444"
OIL & GAS EXPLORATION COMPANIES,Pak Oilfields,540.31,540.0,540.31,536.5,537.51,-3.02,"78,626"
OIL & GAS EXPLORATION COMPANIES,Pak PetroleumXD,173.25,174.0,175.5,171.5,172.5,-0.86,"4,626,039"
OIL & GAS MARKETING COMPANIES,SCRIP,LDCP,OPEN,HIGH,LOW,CURRENT,CHANGE,VOLUME
OIL & GAS MARKETING COMPANIES,Attock Petroleum,460.50,467.0,467.0,414.45,457.95,-5.32,"32,159"
OIL & GAS MARKETING COMPANIES,Burshane LPG,28.01,28.25,29.97,27.5,29.97,1.08,"165,300"
OIL & GAS MARKETING COMPANIES,Hascol Petrol,10.28,10.35,10.35,9.61,9.99,-0.29,"6,268,997"
OIL & GAS MARKETING COMPANIES,HI-Tech Lub.,40.12,40.25,41.75,40.0,41.17,1.21,"203,748"
OIL & GAS MARKETING COMPANIES,Oilboy Energy,9.10,9.12,9.6,9.0,9.07,-0.04,"145,463"
OIL & GAS MARKETING COMPANIES,P.S.O.,386.28,387.99,390.4,379.1,380.0,-6.33,"3,298,832"
OIL & GAS MARKETING COMPANIES,Sui North GasXD,121.51,122.0,122.1,119.5,120.5,-1.61,"3,390,036"
OIL & GAS MARKETING COMPANIES,Sui South Gas,36.98,37.01,37.25,35.4,35.81,-1.29,"14,771,771"
OIL & GAS MARKETING COMPANIES,Wafi Energy Pak,169.31,172.0,172.0,161.01,167.0,-2.11,"48,446"
"PAPER, BOARD & PACKAGING",SCRIP,LDCP,OPEN,HIGH,LOW,CURRENT,CHANGE,VOLUME
"PAPER, BOARD & PACKAGING",Century Paper,23.68,23.6,24.24,23.1,24.2,0.38,"193,620"
"PAPER, BOARD & PACKAGING",Cherat Packaging,101.01,101.0,102.0,99.5,101.9,0.75,"37,137"
"PAPER, BOARD & PACKAGING",Int. Packaging Films,21.10,21.1,21.1,20.01,21.0,-0.1,"78,188"
"PAPER, BOARD & PACKAGING",MACPAC Films,15.12,15.4,15.4,15.01,15.3,0.06,"82,659"
"PAPER, BOARD & PACKAGING",Merit Packaging,9.20,9.11,9.4,8.82,9.33,0.13,"34,353"
"PAPER, BOARD & PACKAGING",Packages Ltd.,521.03,517.0,525.99,517.0,523.99,2.23,"5,285"
"PAPER, BOARD & PACKAGING",Pak Paper Prod,142.45,142.45,147.0,140.0,143.0,-0.43,"4,424"
"PAPER, BOARD & PACKAGING",Roshan Packages,14.54,14.72,15.1,14.43,14.46,-0.02,"1,790,339"
"PAPER, BOARD & PACKAGING",Security Paper,156.24,155.61,155.8,152.01,153.5,-2.77,"19,290"
"PAPER, BOARD & PACKAGING",SPEL LimitedXD,40.42,40.49,40.54,39.52,39.99,-0.64,"603,270"
PHARMACEUTICALS,SCRIP,LDCP,OPEN,HIGH,LOW,CURRENT,CHANGE,VOLUME
PHARMACEUTICALS,Abbott Lab.,953.21,954.0,996.0,948.0,970.0,26.54,"55,798"
PHARMACEUTICALS,AGP Limited,183.50,184.9,190.0,182.12,184.31,1.79,"469,818"
PHARMACEUTICALS,BF Biosciences,152.75,152.85,168.03,152.0,168.03,15.28,"2,912,058"
PHARMACEUTICALS,Citi Pharma Ltd,83.56,84.0,90.95,83.01,87.35,3.89,"8,710,899"
PHARMACEUTICALS,Ferozsons (Lab),279.42,281.96,299.9,274.0,282.49,-0.14,"423,325"
PHARMACEUTICALS,GlaxoSmithKline,371.59,374.5,390.0,372.0,378.98,7.5,"795,137"
PHARMACEUTICALS,Haleon Pakistan,731.53,737.98,759.9,726.07,730.0,2.74,"77,189"
PHARMACEUTICALS,Highnoon (Lab),917.27,915.0,939.9,901.0,921.0,3.89,"40,356"
PHARMACEUTICALS,Hoechst Pak Ltd,"3,155.10",3157.0,3348.0,3157.0,3279.0,93.9,26
PHARMACEUTICALS,IBL HealthCare,37.17,37.53,39.5,37.35,37.51,0.45,"729,062"
PHARMACEUTICALS,Liven Pharma,62.34,64.0,68.57,62.1,68.57,6.2,"941,866"
PHARMACEUTICALS,Macter Int. Ltd,339.25,339.99,371.0,339.5,368.99,26.44,"27,797"
PHARMACEUTICALS,Otsuka Pak,229.33,240.0,252.26,234.0,252.26,22.93,"144,466"
PHARMACEUTICALS,The Searle Company,84.13,84.75,89.95,84.6,86.44,2.23,"8,811,805"
POWER GENERATION & DISTRIBUTION,SCRIP,LDCP,OPEN,HIGH,LOW,CURRENT,CHANGE,VOLUME
POWER GENERATION & DISTRIBUTION,Altern Energy,11.76,11.82,11.99,11.7,11.7,0.01,"310,765"
POWER GENERATION & DISTRIBUTION,Engro Powergen,27.54,27.54,27.8,27.0,27.25,-0.4,"684,482"
POWER GENERATION & DISTRIBUTION,Hub Power Co.,141.41,141.99,143.3,140.12,140.6,-0.68,"9,249,014"
POWER GENERATION & DISTRIBUTION,K-Electric Ltd.,4.45,4.5,4.55,4.37,4.4,-0.05,"19,518,214"
POWER GENERATION & DISTRIBUTION,Kohinoor Energy,16.62,16.98,17.2,16.6,16.7,0.08,"122,036"
POWER GENERATION & DISTRIBUTION,Kohinoor Power,6.33,6.1,6.18,6.0,6.0,-0.33,"3,769"
POWER GENERATION & DISTRIBUTION,Kot Addu Power,31.02,31.09,31.2,30.94,31.1,0.03,"453,054"
POWER GENERATION & DISTRIBUTION,Lalpir Power,24.00,24.49,24.49,23.65,23.9,-0.25,"128,259"
POWER GENERATION & DISTRIBUTION,Nishat ChunPowerXD,23.76,24.2,24.2,23.5,23.62,-0.18,"254,861"
POWER GENERATION & DISTRIBUTION,Nishat PowerXD,35.48,35.9,36.0,35.5,35.84,0.05,"199,199"
POWER GENERATION & DISTRIBUTION,Pakgen PowerXD,114.14,121.0,121.0,117.0,117.0,,74
POWER GENERATION & DISTRIBUTION,S.G.Power,8.65,8.65,9.0,8.25,8.3,-0.26,"65,237"
POWER GENERATION & DISTRIBUTION,Saif Power Ltd,11.73,11.7,11.8,11.4,11.65,-0.22,"192,098"
POWER GENERATION & DISTRIBUTION,Tri-Star Power,6.72,6.21,6.9,6.21,6.49,-0.26,"67,059"
PROPERTY,SCRIP,LDCP,OPEN,HIGH,LOW,CURRENT,CHANGE,VOLUME
PROPERTY,B.R.R Guardia Ltd,21.51,21.85,23.2,21.3,22.45,0.89,"1,414"
PROPERTY,Hussain Industries,26.65,29.32,29.32,27.51,27.51,,"6,054"
PROPERTY,Javedan Corp.,60.76,60.0,60.99,58.12,60.49,-0.77,"97,259"
PROPERTY,Pace (Pak) Ltd.,5.33,5.27,5.45,5.27,5.36,0.03,"2,434,256"
PROPERTY,TPL Properties,8.56,8.56,9.05,8.41,9.05,0.36,"6,175,583"
REAL ESTATE INVESTMENT TRUST,SCRIP,LDCP,OPEN,HIGH,LOW,CURRENT,CHANGE,VOLUME
REAL ESTATE INVESTMENT TRUST,Dolmen City,26.15,26.3,26.5,26.1,26.23,0.09,"253,379"
REAL ESTATE INVESTMENT TRUST,Globe Residency,15.65,16.65,16.7,15.66,16.14,0.49,"27,102"
REAL ESTATE INVESTMENT TRUST,TPL REIT Fund I,13.39,13.0,13.99,13.0,13.04,,613
REFINERY,SCRIP,LDCP,OPEN,HIGH,LOW,CURRENT,CHANGE,VOLUME
REFINERY,Attock Refinery,623.10,625.0,635.0,606.05,608.0,-14.78,"977,732"
REFINERY,Cnergyico PK,7.85,7.94,8.08,7.65,7.68,-0.17,"32,290,577"
REFINERY,National Refinery,230.12,235.0,241.5,231.1,234.0,3.79,"2,118,482"
REFINERY,Pak Refinery,33.82,34.3,35.2,33.25,33.36,-0.39,"24,350,324"
SUGAR & ALLIED INDUSTRIES,SCRIP,LDCP,OPEN,HIGH,LOW,CURRENT,CHANGE,VOLUME
SUGAR & ALLIED INDUSTRIES,Abdullah Shah,5.67,5.95,5.95,5.23,5.81,-0.15,"10,156"
SUGAR & ALLIED INDUSTRIES,Adam Sugar,53.56,54.38,55.38,54.0,55.2,1.63,"10,939"
SUGAR & ALLIED INDUSTRIES,Al-Abbas Sugar,771.69,803.99,803.99,721.0,769.0,-2.86,457
SUGAR & ALLIED INDUSTRIES,AL-Noor Sugar,75.37,81.0,82.91,75.0,80.0,6.93,"9,706"
SUGAR & ALLIED INDUSTRIES,Chashma Sugar,69.83,64.0,76.81,63.0,73.7,-1.09,"41,800"
SUGAR & ALLIED INDUSTRIES,Dewan Sugar,5.77,5.89,5.89,5.53,5.53,-0.2,"61,201"
SUGAR & ALLIED INDUSTRIES,Faran Sugar Mills,46.75,51.43,51.43,44.0,47.0,0.85,"91,655"
SUGAR & ALLIED INDUSTRIES,Habib Rice Prod,31.43,30.11,32.0,30.11,32.0,0.57,"7,887"
SUGAR & ALLIED INDUSTRIES,Habib Sugar,72.00,70.43,72.9,70.0,72.9,-0.05,"10,201"
SUGAR & ALLIED INDUSTRIES,Haseeb Waqas Sugar,9.32,9.7,9.7,9.7,9.7,,1
SUGAR & ALLIED INDUSTRIES,J.D.W.Sugar,917.01,940.0,946.0,915.0,940.0,23.48,377
SUGAR & ALLIED INDUSTRIES,Jauharabad Sug,43.30,42.51,43.0,41.8,41.81,-0.77,"11,419"
SUGAR & ALLIED INDUSTRIES,Khairpur Sugar,116.20,119.98,120.0,119.9,119.9,3.75,300
SUGAR & ALLIED INDUSTRIES,Mehran Sugar,48.40,48.4,48.5,47.75,48.35,-0.4,"3,397"
SUGAR & ALLIED INDUSTRIES,Mirpurkhas Sugar,28.74,29.39,29.39,27.3,28.85,0.11,"14,217"
SUGAR & ALLIED INDUSTRIES,Noon Sugar,80.00,83.9,83.9,72.0,78.75,-1.25,"8,020"
SUGAR & ALLIED INDUSTRIES,Sakrand Sugar,11.51,11.4,12.2,11.4,11.8,0.29,"187,356"
SUGAR & ALLIED INDUSTRIES,Sanghar Sugar,59.94,55.74,60.0,55.74,56.07,-0.89,"1,177"
SUGAR & ALLIED INDUSTRIES,Shahmurad Sugar,364.21,364.0,369.92,363.98,369.92,0.79,"11,122"
SUGAR & ALLIED INDUSTRIES,Shahtaj Sugar,125.29,113.15,125.28,113.15,125.28,,8
SUGAR & ALLIED INDUSTRIES,Shakarganj Limited,70.00,69.45,71.87,65.19,70.8,0.05,"34,781"
SUGAR & ALLIED INDUSTRIES,Tandlianwala Sugar,157.19,159.99,172.9,150.0,172.0,13.21,"3,094"
SUGAR & ALLIED INDUSTRIES,Tariq Corp Ltd.,14.66,14.75,15.88,14.75,15.5,0.88,"222,787"
SUGAR & ALLIED INDUSTRIES,Tariq Corp(Pref),8.11,7.11,8.99,7.11,7.14,,38
SUGAR & ALLIED INDUSTRIES,Thal Ind.Corp.,321.01,302.05,340.0,302.05,333.0,-0.43,118
SYNTHETIC & RAYON,SCRIP,LDCP,OPEN,HIGH,LOW,CURRENT,CHANGE,VOLUME
SYNTHETIC & RAYON,Gatron Ind.,112.92,111.0,112.91,111.0,112.0,-1.46,"3,620"
SYNTHETIC & RAYON,Ibrahim Fibres,325.45,348.0,349.89,322.22,330.0,14.42,999
SYNTHETIC & RAYON,Image PakistanXD,22.10,22.6,23.49,22.09,23.19,1.01,"3,670,524"
SYNTHETIC & RAYON,National Silk,50.04,46.0,51.99,46.0,51.99,,102
SYNTHETIC & RAYON,Pak Synthetics,56.67,62.34,62.34,61.11,62.34,5.67,"47,033"
SYNTHETIC & RAYON,Rupali Polyester,16.62,17.49,18.28,16.61,18.28,1.66,"375,112"
TECHNOLOGY & COMMUNICATION,SCRIP,LDCP,OPEN,HIGH,LOW,CURRENT,CHANGE,VOLUME
TECHNOLOGY & COMMUNICATION,Air Link Commun,159.45,159.7,163.0,158.35,159.99,0.51,"1,440,499"
TECHNOLOGY & COMMUNICATION,Avanceon Ltd,51.42,52.15,53.39,50.9,51.25,-0.21,"6,286,181"
TECHNOLOGY & COMMUNICATION,Hum Network,12.74,12.61,12.74,12.4,12.5,-0.18,"220,469"
TECHNOLOGY & COMMUNICATION,Media Times Ltd,1.83,1.89,1.9,1.8,1.84,0.02,"166,357"
TECHNOLOGY & COMMUNICATION,Netsol Tech.,143.07,144.8,145.85,140.0,140.29,-2.83,"1,675,275"
TECHNOLOGY & COMMUNICATION,Octopus Digital,52.09,52.89,57.29,52.89,54.0,2.01,"3,867,195"
TECHNOLOGY & COMMUNICATION,P.T.C.L.,22.06,22.61,23.58,22.6,22.7,0.66,"15,675,499"
TECHNOLOGY & COMMUNICATION,Pak Datacom,103.50,105.9,113.8,104.0,106.98,4.3,"13,552"
TECHNOLOGY & COMMUNICATION,Supernet Technologie,800.00,800.0,840.0,730.33,825.0,25.0,96
TECHNOLOGY & COMMUNICATION,Symmetry Group Ltd,15.51,15.6,15.8,15.21,15.29,-0.23,"3,651,841"
TECHNOLOGY & COMMUNICATION,Systems LimitedXD,539.80,540.1,546.0,535.1,545.99,3.99,"306,707"
TECHNOLOGY & COMMUNICATION,Telecard Limited,7.56,7.63,7.83,7.4,7.45,-0.1,"10,714,086"
TECHNOLOGY & COMMUNICATION,TPL Corp Ltd,4.48,4.49,4.7,4.45,4.57,0.06,"777,899"
TECHNOLOGY & COMMUNICATION,TPL Trakker Ltd,6.06,5.94,6.15,5.94,6.0,-0.1,"94,824"
TECHNOLOGY & COMMUNICATION,TRG Pak Ltd,65.19,65.35,65.49,63.05,63.2,-1.8,"1,989,341"
TECHNOLOGY & COMMUNICATION,WorldCall Telecom,1.28,1.29,1.3,1.25,1.25,-0.02,"16,656,452"
TECHNOLOGY & COMMUNICATION,Zarea Limited,16.11,16.11,16.19,15.75,15.91,-0.22,"940,398"
TEXTILE COMPOSITE,SCRIP,LDCP,OPEN,HIGH,LOW,CURRENT,CHANGE,VOLUME
TEXTILE COMPOSITE,AN Textile Mill,11.87,13.0,13.06,12.9,13.06,1.19,"7,161"
TEXTILE COMPOSITE,Artistic Denim,39.86,40.0,40.0,38.6,39.5,-0.85,"10,366"
TEXTILE COMPOSITE,Aruj Industries,8.06,8.06,8.07,7.64,7.82,-0.37,"33,628"
TEXTILE COMPOSITE,Azgard Nine,7.68,7.83,8.05,7.7,7.82,0.22,"984,522"
TEXTILE COMPOSITE,Blessed Tex.,286.54,269.0,286.5,258.0,286.5,-17.73,175
TEXTILE COMPOSITE,Chenab Limited,6.23,6.3,6.3,5.95,6.15,-0.23,"145,069"
TEXTILE COMPOSITE,Chenab Ltd.(Pre,2.58,2.45,2.6,2.25,2.6,-0.08,"6,569"
TEXTILE COMPOSITE,Crescent Tex.,14.24,14.27,14.27,13.13,13.5,-0.63,"92,555"
TEXTILE COMPOSITE,Faisal Spinning,315.00,301.0,303.0,283.51,298.99,,53
TEXTILE COMPOSITE,Fazal Cloth,130.00,127.56,133.0,117.17,132.99,0.09,"2,111"
TEXTILE COMPOSITE,Feroze 1888,60.03,59.0,61.75,58.85,61.5,-0.06,"9,707"
TEXTILE COMPOSITE,Ghazi Fabrics,10.40,10.01,10.84,9.97,10.16,0.08,"175,691"
TEXTILE COMPOSITE,Gul Ahmed,22.76,22.98,23.5,21.91,22.21,-0.58,"1,930,402"
TEXTILE COMPOSITE,Hala Enterprise,13.26,14.48,14.56,12.5,14.4,0.54,"79,391"
TEXTILE COMPOSITE,Int.Knitwear,14.00,14.02,14.39,13.51,13.9,-0.09,"17,336"
TEXTILE COMPOSITE,Interloop Ltd.,57.34,57.49,57.79,56.98,57.0,-0.32,"174,885"
TEXTILE COMPOSITE,Jubilee Spinning,8.81,9.3,9.3,7.82,8.4,-0.53,"48,439"
TEXTILE COMPOSITE,Khyber Textile,"1,075.94",1183.53,1183.53,1183.53,1183.53,107.59,125
TEXTILE COMPOSITE,Kohinoor Ind.,10.55,10.2,11.44,10.2,11.17,0.59,"25,023"
TEXTILE COMPOSITE,Kohinoor Mills,29.17,30.99,32.09,30.99,32.09,2.35,850
TEXTILE COMPOSITE,Kohinoor Textile,165.24,165.0,168.0,156.0,164.64,-3.54,"19,576"
TEXTILE COMPOSITE,Masood Textile,53.50,57.99,58.8,50.5,57.0,,660
TEXTILE COMPOSITE,Mehmood Tex.,312.30,335.0,335.0,282.0,314.99,-2.84,"2,983"
TEXTILE COMPOSITE,Nishat (Chun.),35.66,35.7,36.06,35.2,36.0,0.34,"117,579"
TEXTILE COMPOSITE,Nishat Mills Ltd,107.79,108.0,111.05,106.8,108.49,1.25,"7,951,444"
TEXTILE COMPOSITE,Paramount Sp,3.70,3.1,3.72,3.1,3.16,-0.59,"1,013"
TEXTILE COMPOSITE,Quetta Textile,13.35,14.22,14.69,13.02,14.42,1.08,"22,609"
TEXTILE COMPOSITE,Redco Textile,25.34,24.5,26.8,24.5,26.2,-0.28,"7,237"
TEXTILE COMPOSITE,Reliance Weaving,109.95,109.0,109.0,109.0,109.0,,3
TEXTILE COMPOSITE,Sapphire Fiber,"1,069.00",1055.95,1068.0,1055.01,1067.95,,13
TEXTILE COMPOSITE,Sapphire Tex.,"1,119.10",1092.0,1149.99,1092.0,1120.0,,14
TEXTILE COMPOSITE,Shams Textile,26.73,24.2,24.3,24.2,24.3,-2.52,"2,457"
TEXTILE COMPOSITE,Stylers Int.Ltd.XD,39.49,41.48,42.0,41.48,41.5,2.01,"4,900"
TEXTILE COMPOSITE,Suraj Cotton Mills,111.00,115.0,115.0,99.9,105.0,-5.32,"17,778"
TEXTILE COMPOSITE,Towellers Limited,118.90,119.72,120.0,118.1,119.97,-0.75,"3,796"
TEXTILE COMPOSITE,ZahidJee Tex.,26.55,26.5,26.5,26.5,26.5,,200
TEXTILE SPINNING,SCRIP,LDCP,OPEN,HIGH,LOW,CURRENT,CHANGE,VOLUME
TEXTILE SPINNING,Ali Asghar Textile,42.22,43.25,44.2,41.03,41.5,-0.72,"3,802"
TEXTILE SPINNING,Amtex Limited,2.70,2.8,2.8,2.59,2.69,-0.09,"99,819"
TEXTILE SPINNING,Arctic Textile,23.63,25.99,25.99,25.99,25.99,2.36,"25,527"
TEXTILE SPINNING,Asim Textile,13.00,13.2,13.2,12.31,12.31,-0.5,"5,122"
TEXTILE SPINNING,Bilal Fibres,19.49,20.56,21.44,19.48,19.5,0.19,"1,040,677"
TEXTILE SPINNING,Chakwal Spinning,46.48,47.0,47.45,45.0,45.6,-0.81,"209,367"
TEXTILE SPINNING,Colony Tex.Mills Ltd,3.55,3.77,3.77,3.4,3.48,-0.02,"57,486"
TEXTILE SPINNING,Crescent Cotton,53.46,48.11,51.75,48.11,48.2,-5.26,"3,538"
TEXTILE SPINNING,D.M.Textile Mills,38.10,38.5,38.5,34.3,37.0,-3.47,"1,028"
TEXTILE SPINNING,D.S. Ind. Ltd.,4.31,4.32,4.48,4.25,4.4,0.09,"189,596"
TEXTILE SPINNING,Dewan Farooque Sp.,2.96,3.12,3.12,2.86,3.0,0.04,"163,101"
TEXTILE SPINNING,Dewan Mushtaq,9.83,10.8,10.83,10.21,10.83,1.0,"34,150"
TEXTILE SPINNING,Dewan Textile,6.16,5.81,6.35,5.16,5.9,-0.09,"8,563"
TEXTILE SPINNING,Din Textile,48.48,52.44,52.44,43.7,45.0,-3.48,"6,426"
TEXTILE SPINNING,Elahi Cotton,125.84,113.26,137.0,113.26,125.0,-12.32,507
TEXTILE SPINNING,Ellcot Spinning,112.19,100.98,109.5,100.97,101.65,-5.87,"1,665"
TEXTILE SPINNING,Gadoon Textile,317.99,317.98,320.0,314.54,318.0,0.01,"6,795"
TEXTILE SPINNING,Gulshan Sp.,3.39,3.57,3.6,2.83,3.19,0.18,"29,885"
TEXTILE SPINNING,Hira Textile,3.07,3.19,3.19,3.01,3.06,-0.04,"417,913"
TEXTILE SPINNING,Idrees Textile,16.93,16.01,16.7,15.24,16.7,-0.39,"16,304"
TEXTILE SPINNING,Indus Dyeing,136.12,137.0,147.98,135.0,139.9,4.2,"168,912"
TEXTILE SPINNING,J.A.Textile,21.55,22.0,22.85,21.5,22.43,0.85,"7,257"
TEXTILE SPINNING,J.K.Spinning,60.95,61.0,61.0,61.0,61.0,0.05,553
TEXTILE SPINNING,Janana D Mal,51.00,50.0,54.8,50.0,52.5,-0.99,502
TEXTILE SPINNING,Khalid Siraj,7.50,8.0,8.0,7.04,7.04,,8
TEXTILE SPINNING,Kohat Textile,29.51,29.95,31.17,29.56,30.87,1.36,"1,203"
TEXTILE SPINNING,Kohinoor Spining,5.34,5.46,5.46,5.1,5.17,-0.19,"9,729,478"
TEXTILE SPINNING,Nagina Cotton,48.01,43.25,52.0,43.25,52.0,,265
TEXTILE SPINNING,Nazir Cotton Mills,13.60,12.5,14.5,12.5,14.0,,31
TEXTILE SPINNING,Reliance Cotton,443.62,443.62,478.99,430.01,447.98,,59
TEXTILE SPINNING,Ruby Textile,7.49,7.35,7.7,7.33,7.68,0.19,"3,895"
TEXTILE SPINNING,Saif Textile,9.50,9.79,9.98,9.21,9.21,-0.29,"11,301"
TEXTILE SPINNING,Sally Textile,8.25,8.03,8.5,8.03,8.5,,429
TEXTILE SPINNING,Sana Ind.,22.51,23.4,23.4,22.35,23.0,0.61,"1,603"
TEXTILE SPINNING,Saritow Spinning,13.75,13.7,13.99,13.15,13.88,-0.47,"5,525"
TEXTILE SPINNING,Service Ind Tex,13.88,15.19,15.27,14.0,15.27,1.39,"57,498"
TEXTILE SPINNING,Shadab Textile,24.00,24.24,24.25,23.5,23.5,-0.26,"5,696"
TEXTILE SPINNING,Shadman Cotton,31.90,31.9,31.9,31.9,31.9,,1
TEXTILE SPINNING,Shahzad Tex.,29.87,31.0,31.0,31.0,31.0,,20
TEXTILE SPINNING,Sunrays Textile,204.32,206.5,224.75,206.5,224.75,20.23,"166,192"
TEXTILE SPINNING,Tata Textile,42.11,41.15,42.75,40.05,41.98,,"1,757"
TEXTILE WEAVING,SCRIP,LDCP,OPEN,HIGH,LOW,CURRENT,CHANGE,VOLUME
TEXTILE WEAVING,Ashfaq Textile,12.34,12.98,12.98,12.98,12.98,,392
TEXTILE WEAVING,ICC Industries,10.30,10.75,10.85,9.62,10.4,0.18,"1,966"
TEXTILE WEAVING,Prosperity Weaving,36.40,36.49,36.9,36.0,36.0,-0.34,"1,028"
TEXTILE WEAVING,Shahtaj Textile,76.11,68.9,83.53,68.9,83.53,,21
TEXTILE WEAVING,Yousuf Weaving,3.68,3.7,3.7,3.55,3.57,-0.05,"602,870"
TEXTILE WEAVING,Zephyr Textile,11.58,11.01,11.01,11.0,11.0,-0.58,"3,453"
TOBACCO,SCRIP,LDCP,OPEN,HIGH,LOW,CURRENT,CHANGE,VOLUME
TOBACCO,Khyber Tobacco,375.60,376.0,386.0,367.0,372.0,-6.45,"7,648"
TOBACCO,Pak Tobacco,"1,189.58",1167.0,1299.0,1167.0,1199.99,9.6,"5,530"
TOBACCO,Philip Morris Pak.,"1,117.33",1125.0,1160.0,1082.87,1100.0,-17.52,541
TRANSPORT,SCRIP,LDCP,OPEN,HIGH,LOW,CURRENT,CHANGE,VOLUME
TRANSPORT,Cordoba Logist,14.64,15.83,15.83,13.6,15.68,0.91,"12,010"
TRANSPORT,P.N.S.C,285.03,309.0,313.53,301.5,313.53,28.5,"38,707"
TRANSPORT,Pak Int.Bulk,8.85,8.95,8.95,8.66,8.72,-0.13,"4,445,685"
TRANSPORT,Pak.Int.Container,38.65,39.0,39.5,38.01,38.79,0.15,"80,498"
TRANSPORT,Secure Logistics Gro,15.81,16.0,16.4,15.85,15.9,0.15,"2,335,147"
VANASPATI & ALLIED INDUSTRIES,SCRIP,LDCP,OPEN,HIGH,LOW,CURRENT,CHANGE,VOLUME
VANASPATI & ALLIED INDUSTRIES,Punjab Oil,186.82,186.82,205.5,182.0,205.5,18.68,"87,782"
VANASPATI & ALLIED INDUSTRIES,S.S.Oil,814.30,890.0,890.0,815.0,848.0,19.47,"69,632"
WOOLLEN,SCRIP,LDCP,OPEN,HIGH,LOW,CURRENT,CHANGE,VOLUME
WOOLLEN,Bannu Woollen,32.84,32.22,36.12,32.05,33.05,0.3,"49,651"
MODARABAS,SCRIP,LDCP,OPEN,HIGH,LOW,CURRENT,CHANGE,VOLUME
MODARABAS,Burj Clean Energy,10.00,0,0,0,0,,"1,000"
TECHNOLOGY & COMMUNICATION,SCRIP,LDCP,OPEN,HIGH,LOW,CURRENT,CHANGE,VOLUME
TECHNOLOGY & COMMUNICATION,Supernet Ltd.XB,25.62,24.98,27.5,24.98,27.5,0.76,"4,500"
TRANSPORT,SCRIP,LDCP,OPEN,HIGH,LOW,CURRENT,CHANGE,VOLUME
TRANSPORT,Blue-Ex,64.70,58.25,69.98,58.25,69.98,5.28,"1,052"
